1,05/10/2024,08/10/2024
2,12/01/2025,14/01/2025
3,27/02/2023,04/03/2023
4,15/05/2024,22/05/2024
5,30/11/2025,02/12/2025
6,01/07/2023,10/07/2023
7,19/04/2024,20/04/2024
8,08/09/2025,15/09/2025
9,25/12/2024,02/01/2025
10,03/03/2023,05/03/2023
11,14/08/2024,21/08/2024
12,22/06/2025,24/06/2025
13,10/11/2023,13/11/2023
14,05/01/2024,15/01/2024
15,18/07/2025,25/07/2025
16,29/03/2023,01/04/2023
17,07/10/2024,12/10/2024
18,11/04/2025,13/04/2025
19,02/12/2023,10/12/2023
20,20/08/2024,22/08/2024
21,01/02/2025,03/02/2025
22,09/06/2023,11/06/2023
23,16/11/2024,20/11/2024
24,23/01/2023,30/01/2023
25,04/07/2024,05/07/2024
26,11/12/2025,18/12/2025
27,18/05/2023,23/05/2023
28,25/10/2024,01/11/2024
29,03/04/2023,07/04/2023
30,10/09/2024,19/09/2024
31,17/02/2025,20/02/2025
32,24/07/2023,28/07/2023
33,02/11/2024,04/11/2024
34,09/01/2023,11/01/2023
35,16/06/2024,23/06/2024
36,23/12/2025,27/12/2025
37,30/05/2023,02/06/2023
38,08/10/2024,10/10/2024
39,15/03/2023,21/03/2023
40,22/08/2024,29/08/2024
41,29/01/2025,05/02/2025
42,07/07/2023,11/07/2023
43,14/12/2024,16/12/2024
44,21/04/2023,23/04/2023
45,28/09/2024,03/10/2024
46,06/03/2025,08/03/2025
47,13/08/2023,20/08/2023
48,20/01/2024,22/01/2024
49,27/06/2025,30/06/2025
50,05/11/2023,12/11/2023
51,12/04/2024,14/04/2024
52,19/09/2025,26/09/2025
53,26/02/2023,01/03/2023
54,04/08/2024,07/08/2024
55,11/01/2025,18/01/2025
56,18/06/2023,20/06/2023
57,25/11/2024,01/12/2024
58,03/05/2023,05/05/2023
59,10/10/2024,17/10/2024
60,17/03/2025,20/03/2025
61,24/08/2023,27/08/2023
62,02/02/2024,09/02/2024
63,09/07/2025,11/07/2025
64,16/12/2023,23/12/2023
65,23/05/2024,25/05/2024
66,30/10/2025,06/11/2025
67,08/04/2023,10/04/2023
68,15/09/2024,21/09/2024
69,22/02/2025,24/02/2025
70,01/08/2023,03/08/2023
71,08/01/2024,15/01/2024
72,15/06/2025,17/06/2025
73,22/11/2023,29/11/2023
74,29/04/2024,01/05/2024
75,07/10/2025,14/10/2025
76,14/03/2023,16/03/2023
77,21/08/2024,23/08/2024
78,28/01/2025,30/01/2025
79,06/07/2023,13/07/2023
80,13/12/2024,15/12/2024
81,20/05/2023,27/05/2023
82,27/10/2024,29/10/2024
83,05/04/2025,07/04/2025
84,12/09/2023,19/09/2023
85,19/02/2024,21/02/2024
86,26/07/2025,02/08/2025
87,04/12/2023,06/12/2023
88,11/05/2024,18/05/2024
89,18/10/2025,20/10/2025
90,25/03/2023,01/04/2023
91,03/09/2024,05/09/2024
92,10/02/2025,17/02/2025
93,17/07/2023,19/07/2023
94,24/12/2024,28/12/2024
95,02/06/2023,04/06/2023
96,09/11/2024,16/11/2024
97,16/04/2025,18/04/2025
98,23/09/2023,29/09/2023
99,30/01/2024,01/02/2024
100,08/08/2025,11/08/2025